{
  "num_docs": 290,
  "avg_losses": {
    "loss": 0.046611976520768525,
    "proposal_loss": 0.04248499081566416,
    "type_loss": 0.0041269858110824535,
    "sensitivity_loss": 0.0
  },
  "proposal_accuracy": 0.9844782314077588,
  "sensitivity_candidate_accuracy": 0.0,
  "sensitivity_redact_probability_mae": 0.0,
  "sensitivity_redact_probability_brier": 0.0,
  "type_metrics": {
    "precision": 0.04501160092807425,
    "recall": 0.04695062923523717,
    "f1": 0.045960672826344466
  },
  "redaction_metrics": {
    "precision": 0.0,
    "recall": 0.0,
    "f1": 0.0
  },
  "span_counts": {
    "type": {
      "tp": 97,
      "fp": 2058,
      "fn": 1969
    },
    "redaction": {
      "tp": 0,
      "fp": 754,
      "fn": 0
    }
  }
}