{
  "num_docs": 290,
  "avg_losses": {
    "loss": 0.0364930621074344,
    "proposal_loss": 0.0351361562590745,
    "type_loss": 0.0013558251912211838,
    "sensitivity_loss": 1.080964296048039e-06
  },
  "proposal_accuracy": 0.9918261900728443,
  "sensitivity_candidate_accuracy": 1.0,
  "sensitivity_redact_probability_mae": 1.1143592415648328e-06,
  "sensitivity_redact_probability_brier": 1.2359781249905222e-10,
  "type_metrics": {
    "precision": 0.932387706855792,
    "recall": 0.9545014520813165,
    "f1": 0.9433149964123416
  },
  "redaction_metrics": {
    "precision": 0.967551622418879,
    "recall": 0.952565343659245,
    "f1": 0.9600000000000001
  },
  "span_counts": {
    "type": {
      "tp": 1972,
      "fp": 143,
      "fn": 94
    },
    "redaction": {
      "tp": 1968,
      "fp": 66,
      "fn": 98
    }
  }
}