{
  "num_docs": 300,
  "avg_losses": {
    "loss": 9.045269495646158,
    "proposal_loss": 0.4075070335964362,
    "type_loss": 0.0501044407611092,
    "sensitivity_loss": 8.587657966613769
  },
  "proposal_accuracy": 0.8993919402273269,
  "sensitivity_candidate_accuracy": 1.0,
  "sensitivity_redact_probability_mae": 2.099524713756713e-05,
  "sensitivity_redact_probability_brier": 6.7493470877446546e-09,
  "type_metrics": {
    "precision": 0.9046970728386657,
    "recall": 0.6178521617852162,
    "f1": 0.7342541436464088
  },
  "type_overlap_metrics": {
    "precision": 0.8166084176085663,
    "recall": 0.580922027084215,
    "f1": 0.6788915677546983
  },
  "redaction_metrics": {
    "precision": 0.0,
    "recall": 0.0,
    "f1": 0.0
  },
  "redaction_overlap_metrics": {
    "precision": 0.0,
    "recall": 0.0,
    "f1": 0.0
  },
  "span_counts": {
    "type": {
      "tp": 1329,
      "fp": 140,
      "fn": 822
    },
    "type_overlap_credit": {
      "tp_credit": 1372.71875,
      "predicted_total": 1681,
      "gold_total": 2363
    },
    "type_non_exact_breakdown": {
      "type_mismatch": 150,
      "value_subset": 6,
      "value_superset": 37
    },
    "redaction": {
      "tp": 0,
      "fp": 1563,
      "fn": 0
    },
    "redaction_overlap_credit": {
      "tp_credit": 0.0,
      "predicted_total": 1563,
      "gold_total": 0
    }
  }
}